sku_group,Service_Level,EOQ,Safety_Stock,Reorder_Point,Incremental_Cost,Stockout_Risk_Indicator
ALL_SKUS,90%,1870.3702486968052,51.54739891329085,7048.117133333592,1836.9747640607966,Moderate Risk
ALL_SKUS,95%,1870.3702486968052,66.44781891166397,7063.017553331965,1866.7756040575405,Low Risk
ALL_SKUS,99%,1870.3702486968052,93.83237458434974,7090.402109004651,1921.5447154029134,Very Low Risk
