sku_group,Service_Level,EOQ,Safety_Stock,Reorder_Point
ALL_SKUS,90%,1870.3702486968054,51.54739891329085,7048.1171333335915
ALL_SKUS,95%,1870.3702486968054,66.44781891166397,7063.017553331965
ALL_SKUS,99%,1870.3702486968054,93.83237458434974,7090.402109004651
